51,51,-
61,61,-
71,71,-
81,81,-
91,91,9031
101,101,9041
111,111,9051
121,-,9061
131,-,9071
141,-,9081
151,-,9091
161,-,9101
481,481,9421
491,491,9431
501,501,9441
511,511,9451
521,521,9461
531,531,9471
541,541,9481
551,551,9491
601,601,9541
611,611,9551
621,621,9561
631,631,9571
641,641,9581
651,651,9591
661,661,9601
671,671,9611
721,721,9661
731,731,9671
741,741,9681
751,751,9691
761,761,9701
771,771,9711
781,781,9721
791,791,9731
841,841,9781
851,851,9791
861,861,9801
871,871,9811
881,881,9821
891,891,9831
901,901,9841
911,911,9851
961,961,9901
971,971,9911
981,981,9921
991,991,9931
1001,1001,9941
1011,1011,9951
1021,1021,9961
1031,1031,9971
1081,1081,10021
1091,1091,10031
1101,1101,10041
1111,1111,10051
1121,1121,10061
1131,1131,10071
1141,1141,10081
1151,1151,10091
1201,1201,10141
1211,1211,10151
1221,1221,10161
1231,1231,10171
1241,1241,10181
1251,1251,10191
1261,1261,10201
1271,1271,10211
1351,1351,10291
1361,1361,10301
1371,1371,10311
1381,1381,10321
1391,1391,10331
1401,1401,10341
1411,1411,10351
1421,1421,10361
1471,1471,10411
1481,1481,10421
1491,1491,10431
1501,1501,10441
1511,1511,10451
1521,1521,10461
1531,1531,10471
1541,1541,10481
1591,1591,10531
1601,1601,10541
1611,1611,10551
1621,1621,10561
1631,1631,10571
1641,1641,10581
1651,1651,10591
1661,1661,10601
1711,1711,10651
1721,1721,10661
1731,1731,10671
1741,1741,10681
1751,1751,10691
1761,1761,10701
1771,1771,10711
1781,1781,10721
1831,1831,10771
1841,1841,10781
1851,1851,10791
1861,1861,10801
1871,1871,10811
1881,1881,10821
1891,1891,10831
1901,1901,10841
1951,1951,10891
1961,1961,10901
1971,1971,10911
1981,1981,10921
1991,1991,10931
2001,2001,10941
2011,2011,10951
2021,2021,10961
2071,2071,11011
2081,2081,11021
2091,2091,11031
2101,2101,11041
2111,2111,11051
2121,2121,11061
2131,2131,11071
2141,2141,11081
2221,2221,11161
2231,2231,11171
2241,2241,11181
2251,2251,11191
2261,2261,11201
2271,2271,11211
2281,2281,11221
2291,2291,11231
2341,2341,11281
2351,2351,11291
2361,2361,11301
2371,2371,11311
2381,2381,11321
2391,2391,11331
2401,2401,11341
2411,2411,11351
2461,2461,11401
2471,2471,11411
2481,2481,11421
2491,2491,11431
2501,2501,11441
2511,2511,11451
2521,2521,11461
2531,2531,11471
2581,2581,11521
2591,2591,11531
2601,2601,11541
2611,2611,11551
2621,2621,11561
2631,2631,11571
2641,2641,11581
2651,2651,11591
2701,2701,11641
2711,2711,11651
2721,2721,11661
2731,2731,11671
2741,2741,11681
2751,2751,11691
2761,2761,11701
2771,2771,11711
2821,2821,11761
2831,2831,11771
2841,2841,11781
2851,2851,11791
2861,2861,11801
2871,2871,11811
2881,2881,11821
2891,2891,11831
2941,2941,11881
2951,2951,11891
2961,2961,11901
2971,2971,11911
2981,2981,11921
2991,2991,11931
3001,3001,11941
3011,3011,11951
3091,3091,12031
3101,3101,12041
3111,3111,12051
3121,3121,12061
3131,3131,12071
3141,3141,12081
3151,3151,12091
3161,3161,12101
3211,3211,12151
3221,3221,12161
3231,3231,12171
3241,3241,12181
3251,3251,12191
3261,3261,12201
3271,3271,12211
3281,3281,12221
3331,3331,12271
3341,3341,12281
3351,3351,12291
3361,3361,12301
3371,3371,12311
3381,3381,12321
3391,3391,12331
3401,3401,12341
3451,3451,12391
3461,3461,12401
3471,3471,12411
3481,3481,12421
3491,3491,12431
3501,3501,12441
3511,3511,12451
3521,3521,12461
3571,3571,12511
3581,3581,12521
3591,3591,12531
3601,3601,12541
3611,3611,12551
3621,3621,12561
3631,3631,12571
3641,3641,12581
3691,3691,12631
3701,3701,12641
3711,3711,12651
3721,3721,12661
3731,3731,12671
3741,3741,12681
3751,3751,12691
3761,3761,12701
3811,3811,12751
3821,3821,12761
3831,3831,12771
3841,3841,12781
3851,3851,12791
3861,3861,12801
3871,3871,12811
3881,3881,12821
4201,4201,13141
4211,4211,13151
4221,4221,13161
4231,4231,13171
4241,4241,13181
4251,4251,13191
4261,4261,13201
4271,4271,13211
4321,4321,13261
4331,4331,13271
4341,4341,13281
4351,4351,13291
4361,4361,13301
4371,4371,13311
4381,4381,13321
4391,4391,13331
4441,4441,13381
4451,4451,13391
4461,4461,13401
4471,4471,13411
4481,4481,13421
4491,4491,13431
4501,4501,13441
4511,4511,13451
4561,4561,13501
4571,4571,13511
4581,4581,13521
4591,4591,13531
4601,4601,13541
4611,4611,13551
4621,4621,13561
4631,4631,13571
4681,4681,13621
4691,4691,13631
4701,4701,13641
4711,4711,13651
4721,4721,13661
4731,4731,13671
4741,4741,13681
4751,4751,13691
4801,4801,13741
4811,4811,13751
4821,4821,13761
4831,4831,13771
4841,4841,13781
4851,4851,13791
4861,4861,13801
4871,4871,13811
4921,4921,13861
4931,4931,13871
4941,4941,13881
4951,4951,13891
4961,4961,13901
4971,4971,13911
4981,4981,13921
4991,4991,13931
5071,5071,14011
5081,5081,14021
5091,5091,14031
5101,5101,14041
5111,5111,14051
5121,5121,14061
5131,5131,14071
5141,5141,14081
5191,5191,14131
5201,5201,14141
5211,5211,14151
5221,5221,14161
5231,5231,14171
5241,5241,14181
5251,5251,14191
5261,5261,14201
5311,5311,14251
5321,5321,14261
5331,5331,14271
5341,5341,14281
5351,5351,14291
5361,5361,14301
5371,5371,14311
5381,5381,14321
5431,5431,14371
5441,5441,14381
5451,5451,14391
5461,5461,14401
5471,5471,14411
5481,5481,14421
5491,5491,14431
5501,5501,14441
5551,5551,14491
5561,5561,14501
5571,5571,14511
5581,5581,14521
5591,5591,14531
5601,5601,14541
5611,5611,14551
5621,5621,14561
5671,5671,14611
5681,5681,14621
5691,5691,14631
5701,5701,14641
5711,5711,14651
5721,5721,14661
5731,5731,14671
5741,5741,14681
5791,5791,14731
5801,5801,14741
5811,5811,14751
5821,5821,14761
5831,5831,14771
5841,5841,14781
5851,5851,14791
5861,5861,14801
5941,5941,14881
5951,5951,14891
5961,5961,14901
5971,5971,14911
5981,5981,14921
5991,5991,14931
6001,6001,14941
6011,6011,14951
6061,6061,15001
6071,6071,15011
6081,6081,15021
6091,6091,15031
6101,6101,15041
6111,6111,15051
6121,6121,15061
6131,6131,15071
6181,6181,15121
6191,6191,15131
6201,6201,15141
6211,6211,15151
6221,6221,15161
6231,6231,15171
6241,6241,15181
6251,6251,15191
6301,6301,15241
6311,6311,15251
6321,6321,15261
6331,6331,15271
6341,6341,15281
6351,6351,15291
6361,6361,15301
6371,6371,15311
6421,6421,15361
6431,6431,15371
6441,6441,15381
6451,6451,15391
6461,6461,15401
6471,6471,15411
6481,6481,15421
6491,6491,15431
6541,6541,15481
6551,6551,15491
6561,6561,15501
6571,6571,15511
6581,6581,15521
6591,6591,15531
6601,6601,15541
6611,6611,15551
6661,6661,15601
6671,6671,15611
6681,6681,15621
6691,6691,15631
6701,6701,15641
6711,6711,15651
6721,6721,15661
6731,6731,15671
6811,6811,15751
6821,6821,15761
6831,6831,15771
6841,6841,15781
6851,6851,15791
6861,6861,15801
6871,6871,15811
6881,6881,15821
6931,6931,15871
6941,6941,15881
6951,6951,15891
6961,6961,15901
6971,6971,15911
6981,6981,15921
6991,6991,15931
7001,7001,15941
7051,7051,15991
7061,7061,16001
7071,7071,16011
7081,7081,16021
7091,7091,16031
7101,7101,16041
7111,7111,16051
7121,7121,16061
7171,7171,16111
7181,7181,16121
7191,7191,16131
7201,7201,16141
7211,7211,16151
7221,7221,16161
7231,7231,16171
7241,7241,16181
7291,7291,16231
7301,7301,16241
7311,7311,16251
7321,7321,16261
7331,7331,16271
7341,7341,16281
7351,7351,16291
7361,7361,16301
7411,7411,16351
7421,7421,16361
7431,7431,16371
7441,7441,16381
7451,7451,16391
7461,7461,16401
7471,7471,16411
7481,7481,16421
7531,7531,16471
7541,7541,16481
7551,7551,16491
7561,7561,16501
7571,7571,16511
7581,7581,16521
7591,7591,16531
7601,7601,16541
8311,8311,17251
8321,8321,17261
8331,8331,17271
8341,8341,17281
8351,8351,17291
8361,8361,17301
8371,8371,17311
8381,8381,17321
8431,8431,17371
8441,8441,17381
8451,8451,17391
8461,8461,17401
8471,8471,17411
8481,8481,17421
8491,8491,17431
8501,8501,17441
8551,8551,17491
8561,8561,17501
8571,8571,17511
8581,8581,17521
8591,8591,17531
8601,8601,17541
8611,8611,17551
8621,8621,17561
8671,8671,17611
8681,8681,17621
8691,8691,17631
8701,8701,17641
8711,8711,17651
8721,8721,17661
8731,8731,17671
8741,8741,17681
8791,8791,17731
8801,8801,17741
8811,8811,17751
8821,8821,17761
8831,8831,17771
8841,8841,17781
8851,8851,17791
8861,8861,17801
8911,8911,17851
8921,8921,17861
8931,8931,17871
8941,8941,17881
8951,8951,17891
8961,8961,17901
8971,8971,17911
8981,8981,17921
9031,9031,17971
9041,9041,17981
9051,9051,17991
9061,9061,18001
9071,9071,18011
9081,9081,18021
9091,9091,18031
9101,9101,18041
9421,9421,18361
9431,9431,18371
9441,9441,18381
9451,9451,18391
9461,9461,18401
9471,9471,18411
9481,9481,18421
9491,9491,18431
9541,9541,18481
9551,9551,18491
9561,9561,18501
9571,9571,18511
9581,9581,18521
9591,9591,18531
9601,9601,18541
9611,9611,18551
9661,9661,18601
9671,9671,18611
9681,9681,18621
9691,9691,18631
9701,9701,18641
9711,9711,18651
9721,9721,18661
9731,9731,18671
9781,9781,18721
9791,9791,18731
9801,9801,18741
9811,9811,18751
9821,9821,18761
9831,9831,18771
9841,9841,18781
9851,9851,18791
9901,9901,18841
9911,9911,18851
9921,9921,18861
9931,9931,18871
9941,9941,18881
9951,9951,18891
9961,9961,18901
9971,9971,18911
10021,10021,18961
10031,10031,18971
10041,10041,18981
10051,10051,18991
10061,10061,19001
10071,10071,19011
10081,10081,19021
10091,10091,19031
10141,10141,19081
10151,10151,19091
10161,10161,19101
10171,10171,19111
10181,10181,19121
10191,10191,19131
10201,10201,19141
10211,10211,19151
10291,10291,19231
10301,10301,19241
10311,10311,19251
10321,10321,19261
10331,10331,19271
10341,10341,19281
10351,10351,19291
10361,10361,19301
10411,10411,19351
10421,10421,19361
10431,10431,19371
10441,10441,19381
10451,10451,19391
10461,10461,19401
10471,10471,19411
10481,10481,19421
10531,10531,19471
10541,10541,19481
10551,10551,19491
10561,10561,19501
10571,10571,19511
10581,10581,19521
10591,10591,19531
10601,10601,19541
10651,10651,19591
10661,10661,19601
10671,10671,19611
10681,10681,19621
10691,10691,19631
10701,10701,19641
10711,10711,19651
10721,10721,19661
10771,10771,19711
10781,10781,19721
10791,10791,19731
10801,10801,19741
10811,10811,19751
10821,10821,19761
10831,10831,19771
10841,10841,19781
10891,10891,19831
10901,10901,19841
10911,10911,19851
10921,10921,19861
10931,10931,19871
10941,10941,19881
10951,10951,19891
10961,10961,19901
11011,11011,19951
11021,11021,19961
11031,11031,19971
11041,11041,19981
11051,11051,19991
11061,11061,20001
11071,11071,20011
11081,11081,20021
11161,11161,20101
11171,11171,20111
11181,11181,20121
11191,11191,20131
11201,11201,20141
11211,11211,20151
11221,11221,20161
11231,11231,20171
11281,11281,20221
11291,11291,20231
11301,11301,20241
11311,11311,20251
11321,11321,20261
11331,11331,20271
11341,11341,20281
11351,11351,20291
11401,11401,20341
11411,11411,20351
11421,11421,20361
11431,11431,20371
11441,11441,20381
11451,11451,20391
11461,11461,20401
11471,11471,20411
11521,11521,20461
11531,11531,20471
11541,11541,20481
11551,11551,20491
11561,11561,20501
11571,11571,20511
11581,11581,20521
11591,11591,20531
11641,11641,20581
11651,11651,20591
11661,11661,20601
11671,11671,20611
11681,11681,20621
11691,11691,20631
11701,11701,20641
11711,11711,20651
11761,11761,20701
11771,11771,20711
11781,11781,20721
11791,11791,20731
11801,11801,20741
11811,11811,20751
11821,11821,20761
11831,11831,20771
11881,11881,20821
11891,11891,20831
11901,11901,20841
11911,11911,20851
11921,11921,20861
11931,11931,20871
11941,11941,20881
11951,11951,20891
12031,12031,20971
12041,12041,20981
12051,12051,20991
12061,12061,21001
12071,12071,21011
12081,12081,21021
12091,12091,21031
12101,12101,21041
12151,12151,21091
12161,12161,21101
12171,12171,21111
12181,12181,21121
12191,12191,21131
12201,12201,21141
12211,12211,21151
12221,12221,21161
12271,12271,21211
12281,12281,21221
12291,12291,21231
12301,12301,21241
12311,12311,21251
12321,12321,21261
12331,12331,21271
12341,12341,21281
12391,12391,21331
12401,12401,21341
12411,12411,21351
12421,12421,21361
12431,12431,21371
12441,12441,21381
12451,12451,21391
12461,12461,21401
12511,12511,21451
12521,12521,21461
12531,12531,21471
12541,12541,21481
12551,12551,21491
12561,12561,21501
12571,12571,21511
12581,12581,21521
12631,12631,21571
12641,12641,21581
12651,12651,21591
12661,12661,21601
12671,12671,21611
12681,12681,21621
12691,12691,21631
12701,12701,21641
12751,12751,21691
12761,12761,21701
12771,12771,21711
12781,12781,21721
12791,12791,21731
12801,12801,21741
12811,12811,21751
12821,12821,21761
13141,13141,22081
13151,13151,22091
13161,13161,22101
13171,13171,22111
13181,13181,22121
13191,13191,22131
13201,13201,22141
13211,13211,22151
13261,13261,22201
13271,13271,22211
13281,13281,22221
13291,13291,22231
13301,13301,22241
13311,13311,22251
13321,13321,22261
13331,13331,22271
13381,13381,22321
13391,13391,22331
13401,13401,22341
13411,13411,22351
13421,13421,22361
13431,13431,22371
13441,13441,22381
13451,13451,22391
13501,13501,22441
13511,13511,22451
13521,13521,22461
13531,13531,22471
13541,13541,22481
13551,13551,22491
13561,13561,22501
13571,13571,22511
13621,13621,22561
13631,13631,22571
13641,13641,22581
13651,13651,22591
13661,13661,22601
13671,13671,22611
13681,13681,22621
13691,13691,22631
13741,13741,22681
13751,13751,22691
13761,13761,22701
13771,13771,22711
13781,13781,22721
13791,13791,22731
13801,13801,22741
13811,13811,22751
13861,13861,22801
13871,13871,22811
13881,13881,22821
13891,13891,22831
13901,13901,22841
13911,13911,22851
13921,13921,22861
13931,13931,22871
14011,14011,22951
14021,14021,22961
14031,14031,22971
14041,14041,22981
14051,14051,22991
14061,14061,23001
14071,14071,23011
14081,14081,23021
14131,14131,23071
14141,14141,23081
14151,14151,23091
14161,14161,23101
14171,14171,23111
14181,14181,23121
14191,14191,23131
14201,14201,23141
14251,14251,23191
14261,14261,23201
14271,14271,23211
14281,14281,23221
14291,14291,23231
14301,14301,23241
14311,14311,23251
14321,14321,23261
14371,14371,23311
14381,14381,23321
14391,14391,23331
14401,14401,23341
14411,14411,23351
14421,14421,23361
14431,14431,23371
14441,14441,23381
14491,14491,23431
14501,14501,23441
14511,14511,23451
14521,14521,23461
14531,14531,23471
14541,14541,23481
14551,14551,23491
14561,14561,23501
14611,14611,23551
14621,14621,23561
14631,14631,23571
14641,14641,23581
14651,14651,23591
14661,14661,23601
14671,14671,23611
14681,14681,23621
14731,14731,23671
14741,14741,23681
14751,14751,23691
14761,14761,23701
14771,14771,23711
14781,14781,23721
14791,14791,23731
14801,14801,23741
14881,14881,23821
14891,14891,23831
14901,14901,23841
14911,14911,23851
14921,14921,23861
14931,14931,23871
14941,14941,23881
14951,14951,23891
15001,15001,23941
15011,15011,23951
15021,15021,23961
15031,15031,23971
15041,15041,23981
15051,15051,23991
15061,15061,24001
15071,15071,24011
15121,15121,24061
15131,15131,24071
15141,15141,24081
15151,15151,24091
15161,15161,24101
15171,15171,24111
15181,15181,24121
15191,15191,24131
15241,15241,24181
15251,15251,24191
15261,15261,24201
15271,15271,24211
15281,15281,24221
15291,15291,24231
15301,15301,24241
15311,15311,24251
15361,15361,24301
15371,15371,24311
15381,15381,24321
15391,15391,24331
15401,15401,24341
15411,15411,24351
15421,15421,24361
15431,15431,24371
15481,15481,24421
15491,15491,24431
15501,15501,24441
15511,15511,24451
15521,15521,24461
15531,15531,24471
15541,15541,24481
15551,15551,24491
15601,15601,24541
15611,15611,24551
15621,15621,24561
15631,15631,24571
15641,15641,24581
15651,15651,24591
15661,15661,24601
15671,15671,24611
15751,15751,24691
15761,15761,24701
15771,15771,24711
15781,15781,24721
15791,15791,24731
15801,15801,24741
15811,15811,24751
15821,15821,24761
15871,15871,24811
15881,15881,24821
15891,15891,24831
15901,15901,24841
15911,15911,24851
15921,15921,24861
15931,15931,24871
15941,15941,24881
15991,15991,24931
16001,16001,24941
16011,16011,24951
16021,16021,24961
16031,16031,24971
16041,16041,24981
16051,16051,24991
16061,16061,25001
16111,16111,25051
16121,16121,25061
16131,16131,25071
16141,16141,25081
16151,16151,25091
16161,16161,25101
16171,16171,25111
16181,16181,25121
16231,16231,25171
16241,16241,25181
16251,16251,25191
16261,16261,25201
16271,16271,25211
16281,16281,25221
16291,16291,25231
16301,16301,25241
16351,16351,25291
16361,16361,25301
16371,16371,25311
16381,16381,25321
16391,16391,25331
16401,16401,25341
16411,16411,25351
16421,16421,25361
16471,16471,25411
16481,16481,25421
16491,16491,25431
16501,16501,25441
16511,16511,25451
16521,16521,25461
16531,16531,25471
16541,16541,25481
17251,17251,26191
17261,17261,26201
17271,17271,26211
17281,17281,26221
17291,17291,26231
17301,17301,26241
17311,17311,26251
17321,17321,26261
17371,17371,26311
17381,17381,26321
17391,17391,26331
17401,17401,26341
17411,17411,26351
17421,17421,26361
17431,17431,26371
17441,17441,26381
17491,17491,26431
17501,17501,26441
17511,17511,26451
17521,17521,26461
17531,17531,26471
17541,17541,26481
17551,17551,26491
17561,17561,26501
17611,17611,26551
17621,17621,26561
17631,17631,26571
17641,17641,26581
17651,17651,26591
17661,17661,26601
17671,17671,26611
17681,17681,26621
17731,17731,26671
17741,17741,26681
17751,17751,26691
17761,17761,26701
17771,17771,26711
17781,17781,26721
17791,17791,26731
17801,17801,26741
17851,17851,26791
17861,17861,26801
17871,17871,26811
17881,17881,26821
17891,17891,26831
17901,17901,26841
17911,17911,26851
17921,17921,26861
17971,17971,26911
17981,17981,26921
17991,17991,26931
18001,18001,26941
18011,18011,26951
18021,18021,26961
18031,18031,26971
18041,18041,26981
18361,18361,27301
18371,18371,27311
18381,18381,27321
18391,18391,27331
18401,18401,27341
18411,18411,27351
18421,18421,27361
18431,18431,27371
18481,18481,27421
18491,18491,27431
18501,18501,27441
18511,18511,27451
18521,18521,27461
18531,18531,27471
18541,18541,27481
18551,18551,27491
18601,18601,27541
18611,18611,27551
18621,18621,27561
18631,18631,27571
18641,18641,27581
18651,18651,27591
18661,18661,27601
18671,18671,27611
18721,18721,27661
18731,18731,27671
18741,18741,27681
18751,18751,27691
18761,18761,27701
18771,18771,27711
18781,18781,27721
18791,18791,27731
18841,18841,27781
18851,18851,27791
18861,18861,27801
18871,18871,27811
18881,18881,27821
18891,18891,27831
18901,18901,27841
18911,18911,27851
18961,18961,27901
18971,18971,27911
18981,18981,27921
18991,18991,27931
19001,19001,27941
19011,19011,27951
19021,19021,27961
19031,19031,27971
19081,19081,28021
19091,19091,28031
19101,19101,28041
19111,19111,28051
19121,19121,28061
19131,19131,28071
19141,19141,28081
19151,19151,28091
19231,19231,28171
19241,19241,28181
19251,19251,28191
19261,19261,28201
19271,19271,28211
19281,19281,28221
19291,19291,28231
19301,19301,28241
19351,19351,28291
19361,19361,28301
19371,19371,28311
19381,19381,28321
19391,19391,28331
19401,19401,28341
19411,19411,28351
19421,19421,28361
19471,19471,28411
19481,19481,28421
19491,19491,28431
19501,19501,28441
19511,19511,28451
19521,19521,28461
19531,19531,28471
19541,19541,28481
19591,19591,28531
19601,19601,28541
19611,19611,28551
19621,19621,28561
19631,19631,28571
19641,19641,28581
19651,19651,28591
19661,19661,28601
19711,19711,28651
19721,19721,28661
19731,19731,28671
19741,19741,28681
19751,19751,28691
19761,19761,28701
19771,19771,28711
19781,19781,28721
19831,19831,28771
19841,19841,28781
19851,19851,28791
19861,19861,28801
19871,19871,28811
19881,19881,28821
19891,19891,28831
19901,19901,28841
19951,19951,28891
19961,19961,28901
19971,19971,28911
19981,19981,28921
19991,19991,28931
20001,20001,28941
20011,20011,28951
20021,20021,28961
20101,20101,29041
20111,20111,29051
20121,20121,29061
20131,20131,29071
20141,20141,29081
20151,20151,29091
20161,20161,29101
20171,20171,29111
20221,20221,29161
20231,20231,29171
20241,20241,29181
20251,20251,29191
20261,20261,29201
20271,20271,29211
20281,20281,29221
20291,20291,29231
20341,20341,29281
20351,20351,29291
20361,20361,29301
20371,20371,29311
20381,20381,29321
20391,20391,29331
20401,20401,29341
20411,20411,29351
20461,20461,29401
20471,20471,29411
20481,20481,29421
20491,20491,29431
20501,20501,29441
20511,20511,29451
20521,20521,29461
20531,20531,29471
20581,20581,29521
20591,20591,29531
20601,20601,29541
20611,20611,29551
20621,20621,29561
20631,20631,29571
20641,20641,29581
20651,20651,29591
20701,20701,29641
20711,20711,29651
20721,20721,29661
20731,20731,29671
20741,20741,29681
20751,20751,29691
20761,20761,29701
20771,20771,29711
20821,20821,29761
20831,20831,29771
20841,20841,29781
20851,20851,29791
20861,20861,29801
20871,20871,29811
20881,20881,29821
20891,20891,29831
20971,20971,29911
20981,20981,29921
20991,20991,29931
21001,21001,29941
21011,21011,29951
21021,21021,29961
21031,21031,29971
21041,21041,29981
21091,21091,30031
21101,21101,30041
21111,21111,30051
21121,21121,30061
21131,21131,30071
21141,21141,30081
21151,21151,30091
21161,21161,30101
21211,21211,30151
21221,21221,30161
21231,21231,30171
21241,21241,30181
21251,21251,30191
21261,21261,30201
21271,21271,30211
21281,21281,30221
21331,21331,30271
21341,21341,30281
21351,21351,30291
21361,21361,30301
21371,21371,30311
21381,21381,30321
21391,21391,30331
21401,21401,30341
21451,21451,30391
21461,21461,30401
21471,21471,30411
21481,21481,30421
21491,21491,30431
21501,21501,30441
21511,21511,30451
21521,21521,30461
21571,21571,30511
21581,21581,30521
21591,21591,30531
21601,21601,30541
21611,21611,30551
21621,21621,30561
21631,21631,30571
21641,21641,30581
21691,21691,30631
21701,21701,30641
21711,21711,30651
21721,21721,30661
21731,21731,30671
21741,21741,30681
21751,21751,30691
21761,21761,30701
22081,22081,31021
22091,22091,31031
22101,22101,31041
22111,22111,31051
22121,22121,31061
22131,22131,31071
22141,22141,31081
22151,22151,31091
22201,22201,31141
22211,22211,31151
22221,22221,31161
22231,22231,31171
22241,22241,31181
22251,22251,31191
22261,22261,31201
22271,22271,31211
22321,22321,31261
22331,22331,31271
22341,22341,31281
22351,22351,31291
22361,22361,31301
22371,22371,31311
22381,22381,31321
22391,22391,31331
22441,22441,31381
22451,22451,31391
22461,22461,31401
22471,22471,31411
22481,22481,31421
22491,22491,31431
22501,22501,31441
22511,22511,31451
22561,22561,31501
22571,22571,31511
22581,22581,31521
22591,22591,31531
22601,22601,31541
22611,22611,31551
22621,22621,31561
22631,22631,31571
22681,22681,31621
22691,22691,31631
22701,22701,31641
22711,22711,31651
22721,22721,31661
22731,22731,31671
22741,22741,31681
22751,22751,31691
22801,22801,31741
22811,22811,31751
22821,22821,31761
22831,22831,31771
22841,22841,31781
22851,22851,31791
22861,22861,31801
22871,22871,31811
22951,22951,31891
22961,22961,31901
22971,22971,31911
22981,22981,31921
22991,22991,31931
23001,23001,31941
23011,23011,31951
23021,23021,31961
23071,23071,32011
23081,23081,32021
23091,23091,32031
23101,23101,32041
23111,23111,32051
23121,23121,32061
23131,23131,32071
23141,23141,32081
23191,23191,32131
23201,23201,32141
23211,23211,32151
23221,23221,32161
23231,23231,32171
23241,23241,32181
23251,23251,32191
23261,23261,32201
23311,23311,32251
23321,23321,32261
23331,23331,32271
23341,23341,32281
23351,23351,32291
23361,23361,32301
23371,23371,32311
23381,23381,32321
23431,23431,32371
23441,23441,32381
23451,23451,32391
23461,23461,32401
23471,23471,32411
23481,23481,32421
23491,23491,32431
23501,23501,32441
23551,23551,32491
23561,23561,32501
23571,23571,32511
23581,23581,32521
23591,23591,32531
23601,23601,32541
23611,23611,32551
23621,23621,32561
23671,23671,32611
23681,23681,32621
23691,23691,32631
23701,23701,32641
23711,23711,32651
23721,23721,32661
23731,23731,32671
23741,23741,32681
23821,23821,32761
23831,23831,32771
23841,23841,32781
23851,23851,32791
23861,23861,32801
23871,23871,32811
23881,23881,32821
23891,23891,32831
23941,23941,32881
23951,23951,32891
23961,23961,32901
23971,23971,32911
23981,23981,32921
23991,23991,32931
24001,24001,32941
24011,24011,32951
24061,24061,33001
24071,24071,33011
24081,24081,33021
24091,24091,33031
24101,24101,33041
24111,24111,33051
24121,24121,33061
24131,24131,33071
24181,24181,33121
24191,24191,33131
24201,24201,33141
24211,24211,33151
24221,24221,33161
24231,24231,33171
24241,24241,33181
24251,24251,33191
24301,24301,33241
24311,24311,33251
24321,24321,33261
24331,24331,33271
24341,24341,33281
24351,24351,33291
24361,24361,33301
24371,24371,33311
24421,24421,33361
24431,24431,33371
24441,24441,33381
24451,24451,33391
24461,24461,33401
24471,24471,33411
24481,24481,33421
24491,24491,33431
24541,24541,33481
24551,24551,33491
24561,24561,33501
24571,24571,33511
24581,24581,33521
24591,24591,33531
24601,24601,33541
24611,24611,33551
24691,24691,33631
24701,24701,33641
24711,24711,33651
24721,24721,33661
24731,24731,33671
24741,24741,33681
24751,24751,33691
24761,24761,33701
24811,24811,33751
24821,24821,33761
24831,24831,33771
24841,24841,33781
24851,24851,33791
24861,24861,33801
24871,24871,33811
24881,24881,33821
24931,24931,33871
24941,24941,33881
24951,24951,33891
24961,24961,33901
24971,24971,33911
24981,24981,33921
24991,24991,33931
25001,25001,33941
25051,25051,33991
25061,25061,34001
25071,25071,34011
25081,25081,34021
25091,25091,34031
25101,25101,34041
25111,25111,34051
25121,25121,34061
25171,25171,34111
25181,25181,34121
25191,25191,34131
25201,25201,34141
25211,25211,34151
25221,25221,34161
25231,25231,34171
25241,25241,34181
25291,25291,34231
25301,25301,34241
25311,25311,34251
25321,25321,34261
25331,25331,34271
25341,25341,34281
25351,25351,34291
25361,25361,34301
25411,25411,34351
25421,25421,34361
25431,25431,34371
25441,25441,34381
25451,25451,34391
25461,25461,34401
25471,25471,34411
25481,25481,34421
26191,26191,-
26201,26201,-
26211,26211,-
26221,26221,-
26231,26231,-
26241,26241,-
26251,26251,-
26261,26261,-
26311,26311,-
26321,26321,-
26331,26331,-
26341,26341,-
26351,26351,-
26361,26361,-
26371,26371,-
26381,26381,-
26431,26431,-
26441,26441,-
26451,26451,-
26461,26461,-
26471,26471,-
26481,26481,-
26491,26491,-
26501,26501,-
26551,26551,-
26561,26561,-
26571,26571,-
26581,26581,-
26591,26591,-
26601,26601,-
26611,26611,-
26621,26621,-
26671,26671,-
26681,26681,-
26691,26691,-
26701,26701,1
26711,26711,11
26721,26721,21
26731,26731,31
26741,26741,41
26791,26791,91
26801,26801,101
26811,26811,111
26821,26821,-
26831,26831,-
26841,26841,-
26851,26851,-
26861,26861,-
26911,26911,-
26921,26921,-
26931,26931,-
26941,26941,-
26951,26951,-
26961,26961,-
26971,26971,-
26981,26981,-
27301,27301,601
27311,27311,611
27321,27321,621
27331,27331,631
27341,27341,641
27351,27351,651
27361,27361,661
27371,27371,671
27421,27421,721
27431,27431,731
27441,27441,741
27451,27451,751
27461,27461,761
27471,27471,771
27481,27481,781
27491,27491,791
27541,27541,841
27551,27551,851
27561,27561,861
27571,27571,871
27581,27581,881
27591,27591,891
27601,27601,901
27611,27611,911
27661,27661,961
27671,27671,971
27681,27681,981
27691,27691,991
27701,27701,1001
27711,27711,1011
27721,27721,1021
27731,27731,1031
27781,27781,1081
27791,27791,1091
27801,27801,1101
27811,27811,1111
27821,27821,1121
27831,27831,1131
27841,27841,1141
27851,27851,1151
27901,27901,1201
27911,27911,1211
27921,27921,1221
27931,27931,1231
27941,27941,1241
27951,27951,1251
27961,27961,1261
27971,27971,1271
28021,28021,-
28031,28031,-
28041,28041,-
28051,28051,1351
28061,28061,1361
28071,28071,1371
28081,28081,1381
28091,28091,1391
28171,28171,1471
28181,28181,1481
28191,28191,1491
28201,28201,1501
28211,28211,1511
28221,28221,1521
28231,28231,1531
28241,28241,1541
28291,28291,1591
28301,28301,1601
28311,28311,1611
28321,28321,1621
28331,28331,1631
28341,28341,1641
28351,28351,1651
28361,28361,1661
28411,28411,1711
28421,28421,1721
28431,28431,1731
28441,28441,1741
28451,28451,1751
28461,28461,1761
28471,28471,1771
28481,28481,1781
28531,28531,1831
28541,28541,1841
28551,28551,1851
28561,28561,1861
28571,28571,1871
28581,28581,1881
28591,28591,1891
28601,28601,1901
28651,28651,1951
28661,28661,1961
28671,28671,1971
28681,28681,1981
28691,28691,1991
28701,28701,2001
28711,28711,2011
28721,28721,2021
28771,28771,2071
28781,28781,2081
28791,28791,2091
28801,28801,2101
28811,28811,2111
28821,28821,2121
28831,28831,2131
28841,28841,2141
28891,28891,-
28901,28901,-
28911,28911,-
28921,28921,2221
28931,28931,2231
28941,28941,2241
28951,28951,2251
28961,28961,2261
29041,29041,2341
29051,29051,2351
29061,29061,2361
29071,29071,2371
29081,29081,2381
29091,29091,2391
29101,29101,2401
29111,29111,2411
29161,29161,2461
29171,29171,2471
29181,29181,2481
29191,29191,2491
29201,29201,2501
29211,29211,2511
29221,29221,2521
29231,29231,2531
29281,29281,2581
29291,29291,2591
29301,29301,2601
29311,29311,2611
29321,29321,2621
29331,29331,2631
29341,29341,2641
29351,29351,2651
29401,29401,2701
29411,29411,2711
29421,29421,2721
29431,29431,2731
29441,29441,2741
29451,29451,2751
29461,29461,2761
29471,29471,2771
29521,29521,2821
29531,29531,2831
29541,29541,2841
29551,29551,2851
29561,29561,2861
29571,29571,2871
29581,29581,2881
29591,29591,2891
29641,29641,2941
29651,29651,2951
29661,29661,2961
29671,29671,2971
29681,29681,2981
29691,29691,2991
29701,29701,3001
29711,29711,3011
29761,29761,-
29771,29771,-
29781,29781,-
29791,29791,3091
29801,29801,3101
29811,29811,3111
29821,29821,3121
29831,29831,3131
29911,29911,3211
29921,29921,3221
29931,29931,3231
29941,29941,3241
29951,29951,3251
29961,29961,3261
29971,29971,3271
29981,29981,3281
30031,30031,3331
30041,30041,3341
30051,30051,3351
30061,30061,3361
30071,30071,3371
30081,30081,3381
30091,30091,3391
30101,30101,3401
30151,30151,3451
30161,30161,3461
30171,30171,3471
30181,30181,3481
30191,30191,3491
30201,30201,3501
30211,30211,3511
30221,30221,3521
30271,30271,3571
30281,30281,3581
30291,30291,3591
30301,30301,3601
30311,30311,3611
30321,30321,3621
30331,30331,3631
30341,30341,3641
30391,30391,3691
30401,30401,3701
30411,30411,3711
30421,30421,3721
30431,30431,3731
30441,30441,3741
30451,30451,3751
30461,30461,3761
30511,30511,3811
30521,30521,3821
30531,30531,3831
30541,30541,3841
30551,30551,3851
30561,30561,3861
30571,30571,3871
30581,30581,3881
30631,30631,-
30641,30641,-
30651,30651,-
30661,30661,-
30671,30671,-
30681,30681,-
30691,30691,-
30701,30701,-
31021,31021,4321
31031,31031,4331
31041,31041,4341
31051,31051,4351
31061,31061,4361
31071,31071,4371
31081,31081,4381
31091,31091,4391
31141,31141,4441
31151,31151,4451
31161,31161,4461
31171,31171,4471
31181,31181,4481
31191,31191,4491
31201,31201,4501
31211,31211,4511
31261,31261,4561
31271,31271,4571
31281,31281,4581
31291,31291,4591
31301,31301,4601
31311,31311,4611
31321,31321,4621
31331,31331,4631
31381,31381,4681
31391,31391,4691
31401,31401,4701
31411,31411,4711
31421,31421,4721
31431,31431,4731
31441,31441,4741
31451,31451,4751
31501,31501,4801
31511,31511,4811
31521,31521,4821
31531,31531,4831
31541,31541,4841
31551,31551,4851
31561,31561,4861
31571,31571,4871
31621,31621,4921
31631,31631,4931
31641,31641,4941
31651,31651,4951
31661,31661,4961
31671,31671,4971
31681,31681,4981
31691,31691,4991
31741,31741,-
31751,31751,-
31761,31761,-
31771,31771,5071
31781,31781,5081
31791,31791,5091
31801,31801,5101
31811,31811,5111
31891,31891,5191
31901,31901,5201
31911,31911,5211
31921,31921,5221
31931,31931,5231
31941,31941,5241
31951,31951,5251
31961,31961,5261
32011,32011,5311
32021,32021,5321
32031,32031,5331
32041,32041,5341
32051,32051,5351
32061,32061,5361
32071,32071,5371
32081,32081,5381
32131,32131,5431
32141,32141,5441
32151,32151,5451
32161,32161,5461
32171,32171,5471
32181,32181,5481
32191,32191,5491
32201,32201,5501
32251,32251,5551
32261,32261,5561
32271,32271,5571
32281,32281,5581
32291,32291,5591
32301,32301,5601
32311,32311,5611
32321,32321,5621
32371,32371,5671
32381,32381,5681
32391,32391,5691
32401,32401,5701
32411,32411,5711
32421,32421,5721
32431,32431,5731
32441,32441,5741
32491,32491,5791
32501,32501,5801
32511,32511,5811
32521,32521,5821
32531,32531,5831
32541,32541,5841
32551,32551,5851
32561,32561,5861
32611,32611,-
32621,32621,-
32631,32631,-
32641,32641,5941
32651,32651,5951
32661,32661,5961
32671,32671,5971
32681,32681,5981
32761,32761,6061
32771,32771,6071
32781,32781,6081
32791,32791,6091
32801,32801,6101
32811,32811,6111
32821,32821,6121
32831,32831,6131
32881,32881,6181
32891,32891,6191
32901,32901,6201
32911,32911,6211
32921,32921,6221
32931,32931,6231
32941,32941,6241
32951,32951,6251
33001,33001,6301
33011,33011,6311
33021,33021,6321
33031,33031,6331
33041,33041,6341
33051,33051,6351
33061,33061,6361
33071,33071,6371
33121,33121,6421
33131,33131,6431
33141,33141,6441
33151,33151,6451
33161,33161,6461
33171,33171,6471
33181,33181,6481
33191,33191,6491
33241,33241,6541
33251,33251,6551
33261,33261,6561
33271,33271,6571
33281,33281,6581
33291,33291,6591
33301,33301,6601
33311,33311,6611
33361,33361,6661
33371,33371,6671
33381,33381,6681
33391,33391,6691
33401,33401,6701
33411,33411,6711
33421,33421,6721
33431,33431,6731
33481,33481,-
33491,33491,-
33501,33501,-
33511,33511,6811
33521,33521,6821
33531,33531,6831
33541,33541,6841
33551,33551,6851
33631,33631,6931
33641,33641,6941
33651,33651,6951
33661,33661,6961
33671,33671,6971
33681,33681,6981
33691,33691,6991
33701,33701,7001
33751,33751,7051
33761,33761,7061
33771,33771,7071
33781,33781,7081
33791,33791,7091
33801,33801,7101
33811,33811,7111
33821,33821,7121
33871,33871,7171
33881,33881,7181
33891,33891,7191
33901,33901,7201
33911,33911,7211
33921,33921,7221
33931,33931,7231
33941,33941,7241
33991,33991,7291
34001,34001,7301
34011,34011,7311
34021,34021,7321
34031,34031,7331
34041,34041,7341
34051,34051,7351
34061,34061,7361
34111,34111,7411
34121,34121,7421
34131,34131,7431
34141,34141,7441
34151,34151,7451
34161,34161,7461
34171,34171,7471
34181,34181,7481
34231,34231,7531
34241,34241,7541
34251,34251,7551
34261,34261,7561
34271,34271,7571
34281,34281,7581
34291,34291,7591
34301,34301,7601
34351,34351,-
34361,34361,-
34371,34371,-
34381,34381,-
34391,34391,-
34401,34401,-
34411,34411,-
34421,34421,-
